<stg><name>im_load</name>


<trans_list>

<trans id="46" from="1" to="2">
<condition id="-1">
<or_exp><and_exp></and_exp></or_exp>
</condition>
</trans>

<trans id="47" from="2" to="3">
<condition id="-1">
<or_exp><and_exp><literal name="icmp_ln23" val="0"/>
</and_exp></or_exp>
</condition>
</trans>

<trans id="48" from="3" to="4">
<condition id="-1">
<or_exp><and_exp><literal name="icmp_ln25" val="0"/>
</and_exp></or_exp>
</condition>
</trans>

<trans id="52" from="3" to="2">
<condition id="-1">
<or_exp><and_exp><literal name="icmp_ln25" val="1"/>
</and_exp></or_exp>
</condition>
</trans>

<trans id="50" from="4" to="5">
<condition id="-1">
<or_exp><and_exp></and_exp></or_exp>
</condition>
</trans>

<trans id="51" from="5" to="3">
<condition id="-1">
<or_exp><and_exp></and_exp></or_exp>
</condition>
</trans>
</trans_list>



<state_list>

<state id="1" st_id="1">

<operation id="6" st_id="1" stage="1" lat="1">
<core>NULL</core>
<MemPortIdVec></MemPortIdVec>
<condition id="-1">
<or_exp><and_exp></and_exp></or_exp>
</condition>

<Node id="5" bw="0" op_0_bw="0" op_1_bw="8">
<![CDATA[
:0  call void (...)* @_ssdm_op_SpecBitsMap(i8* %video_data_p_V), !map !31

]]></Node>
<StgValue><ssdm name="specbitsmap_ln0"/></StgValue>
</operation>

<operation id="7" st_id="1" stage="1" lat="1">
<core>NULL</core>
<MemPortIdVec></MemPortIdVec>
<condition id="-1">
<or_exp><and_exp></and_exp></or_exp>
</condition>

<Node id="6" bw="0" op_0_bw="0" op_1_bw="1">
<![CDATA[
:1  call void (...)* @_ssdm_op_SpecBitsMap(i1* %video_user_V), !map !35

]]></Node>
<StgValue><ssdm name="specbitsmap_ln0"/></StgValue>
</operation>

<operation id="8" st_id="1" stage="1" lat="1">
<core>NULL</core>
<MemPortIdVec></MemPortIdVec>
<condition id="-1">
<or_exp><and_exp></and_exp></or_exp>
</condition>

<Node id="7" bw="0" op_0_bw="0" op_1_bw="1">
<![CDATA[
:2  call void (...)* @_ssdm_op_SpecBitsMap(i1* %video_last_V), !map !39

]]></Node>
<StgValue><ssdm name="specbitsmap_ln0"/></StgValue>
</operation>

<operation id="9" st_id="1" stage="1" lat="1">
<core>NULL</core>
<MemPortIdVec></MemPortIdVec>
<condition id="-1">
<or_exp><and_exp></and_exp></or_exp>
</condition>

<Node id="8" bw="0" op_0_bw="0" op_1_bw="8">
<![CDATA[
:3  call void (...)* @_ssdm_op_SpecBitsMap([307200 x i8]* %mem_V), !map !43

]]></Node>
<StgValue><ssdm name="specbitsmap_ln0"/></StgValue>
</operation>

<operation id="10" st_id="1" stage="1" lat="1">
<core>NULL</core>
<MemPortIdVec></MemPortIdVec>
<condition id="-1">
<or_exp><and_exp></and_exp></or_exp>
</condition>

<Node id="9" bw="0" op_0_bw="0" op_1_bw="0">
<![CDATA[
:4  call void (...)* @_ssdm_op_SpecTopModule([8 x i8]* @im_load_str) nounwind

]]></Node>
<StgValue><ssdm name="spectopmodule_ln0"/></StgValue>
</operation>

<operation id="11" st_id="1" stage="1" lat="1">
<core>NULL</core>
<MemPortIdVec></MemPortIdVec>
<condition id="-1">
<or_exp><and_exp></and_exp></or_exp>
</condition>

<Node id="10" bw="0" op_0_bw="0" op_1_bw="8" op_2_bw="1" op_3_bw="1" op_4_bw="0" op_5_bw="32" op_6_bw="32" op_7_bw="0" op_8_bw="32" op_9_bw="32" op_10_bw="0" op_11_bw="0" op_12_bw="0" op_13_bw="32" op_14_bw="32" op_15_bw="32" op_16_bw="32" op_17_bw="0" op_18_bw="0">
<![CDATA[
:5  call void (...)* @_ssdm_op_SpecInterface(i8* %video_data_p_V, i1* %video_user_V, i1* %video_last_V, [5 x i8]* @p_str, i32 1, i32 1, [5 x i8]* @p_str1, i32 0, i32 0, [1 x i8]* @p_str2, [1 x i8]* @p_str2, [1 x i8]* @p_str2, i32 0, i32 0, i32 0, i32 0, [1 x i8]* @p_str2, [1 x i8]* @p_str2) nounwind

]]></Node>
<StgValue><ssdm name="specinterface_ln19"/></StgValue>
</operation>

<operation id="12" st_id="1" stage="1" lat="1">
<core>NULL</core>
<MemPortIdVec></MemPortIdVec>
<condition id="-1">
<or_exp><and_exp></and_exp></or_exp>
</condition>

<Node id="11" bw="0" op_0_bw="0">
<![CDATA[
:6  br label %.loopexit

]]></Node>
<StgValue><ssdm name="br_ln23"/></StgValue>
</operation>
</state>

<state id="2" st_id="2">

<operation id="13" st_id="2" stage="1" lat="1">
<core>NULL</core>
<MemPortIdVec></MemPortIdVec>
<condition id="-1">
<or_exp><and_exp></and_exp></or_exp>
</condition>

<Node id="13" bw="9" op_0_bw="9" op_1_bw="0" op_2_bw="9" op_3_bw="0">
<![CDATA[
.loopexit:0  %i_0 = phi i9 [ 0, %0 ], [ %i, %.loopexit.loopexit ]

]]></Node>
<StgValue><ssdm name="i_0"/></StgValue>
</operation>

<operation id="14" st_id="2" stage="1" lat="1">
<core>Cmp</core>
<MemPortIdVec></MemPortIdVec>
<condition id="-1">
<or_exp><and_exp></and_exp></or_exp>
</condition>

<Node id="14" bw="1" op_0_bw="9" op_1_bw="9">
<![CDATA[
.loopexit:1  %icmp_ln23 = icmp eq i9 %i_0, -32

]]></Node>
<StgValue><ssdm name="icmp_ln23"/></StgValue>
</operation>

<operation id="15" st_id="2" stage="1" lat="1">
<core>NULL</core>
<MemPortIdVec></MemPortIdVec>
<condition id="-1">
<or_exp><and_exp></and_exp></or_exp>
</condition>

<Node id="15" bw="32" op_0_bw="32" op_1_bw="64" op_2_bw="64" op_3_bw="64">
<![CDATA[
.loopexit:2  %empty = call i32 (...)* @_ssdm_op_SpecLoopTripCount(i64 480, i64 480, i64 480)

]]></Node>
<StgValue><ssdm name="empty"/></StgValue>
</operation>

<operation id="16" st_id="2" stage="1" lat="1">
<core>AddSub</core>
<MemPortIdVec></MemPortIdVec>
<condition id="-1">
<or_exp><and_exp></and_exp></or_exp>
</condition>

<Node id="16" bw="9" op_0_bw="9" op_1_bw="9">
<![CDATA[
.loopexit:3  %i = add i9 %i_0, 1

]]></Node>
<StgValue><ssdm name="i"/></StgValue>
</operation>

<operation id="17" st_id="2" stage="1" lat="1">
<core>NULL</core>
<MemPortIdVec></MemPortIdVec>
<condition id="-1">
<or_exp><and_exp></and_exp></or_exp>
</condition>

<Node id="17" bw="0" op_0_bw="1" op_1_bw="0" op_2_bw="0">
<![CDATA[
.loopexit:4  br i1 %icmp_ln23, label %2, label %.preheader.preheader

]]></Node>
<StgValue><ssdm name="br_ln23"/></StgValue>
</operation>

<operation id="18" st_id="2" stage="1" lat="1">
<core>NULL</core>
<MemPortIdVec></MemPortIdVec>
<condition id="-1">
<or_exp><and_exp><literal name="icmp_ln23" val="0"/>
</and_exp></or_exp>
</condition>

<Node id="19" bw="18" op_0_bw="18" op_1_bw="9" op_2_bw="9">
<![CDATA[
.preheader.preheader:0  %shl_ln = call i18 @_ssdm_op_BitConcatenate.i18.i9.i9(i9 %i_0, i9 0)

]]></Node>
<StgValue><ssdm name="shl_ln"/></StgValue>
</operation>

<operation id="19" st_id="2" stage="1" lat="1">
<core>NULL</core>
<MemPortIdVec></MemPortIdVec>
<condition id="-1">
<or_exp><and_exp><literal name="icmp_ln23" val="0"/>
</and_exp></or_exp>
</condition>

<Node id="20" bw="19" op_0_bw="18">
<![CDATA[
.preheader.preheader:1  %zext_ln42_1 = zext i18 %shl_ln to i19

]]></Node>
<StgValue><ssdm name="zext_ln42_1"/></StgValue>
</operation>

<operation id="20" st_id="2" stage="1" lat="1">
<core>NULL</core>
<MemPortIdVec></MemPortIdVec>
<condition id="-1">
<or_exp><and_exp><literal name="icmp_ln23" val="0"/>
</and_exp></or_exp>
</condition>

<Node id="21" bw="16" op_0_bw="16" op_1_bw="9" op_2_bw="7">
<![CDATA[
.preheader.preheader:2  %shl_ln42_1 = call i16 @_ssdm_op_BitConcatenate.i16.i9.i7(i9 %i_0, i7 0)

]]></Node>
<StgValue><ssdm name="shl_ln42_1"/></StgValue>
</operation>

<operation id="21" st_id="2" stage="1" lat="1">
<core>NULL</core>
<MemPortIdVec></MemPortIdVec>
<condition id="-1">
<or_exp><and_exp><literal name="icmp_ln23" val="0"/>
</and_exp></or_exp>
</condition>

<Node id="22" bw="0" op_0_bw="0">
<![CDATA[
.preheader.preheader:3  br label %.preheader

]]></Node>
<StgValue><ssdm name="br_ln0"/></StgValue>
</operation>

<operation id="22" st_id="2" stage="1" lat="1">
<core>NULL</core>
<MemPortIdVec></MemPortIdVec>
<condition id="-1">
<or_exp><and_exp><literal name="icmp_ln23" val="1"/>
</and_exp></or_exp>
</condition>

<Node id="48" bw="0">
<![CDATA[
:0  ret void

]]></Node>
<StgValue><ssdm name="ret_ln47"/></StgValue>
</operation>
</state>

<state id="3" st_id="3">

<operation id="23" st_id="3" stage="1" lat="1">
<core>NULL</core>
<MemPortIdVec></MemPortIdVec>
<condition id="-1">
<or_exp><and_exp></and_exp></or_exp>
</condition>

<Node id="24" bw="10" op_0_bw="10" op_1_bw="0" op_2_bw="10" op_3_bw="0">
<![CDATA[
.preheader:0  %j_0 = phi i10 [ %j, %1 ], [ 0, %.preheader.preheader ]

]]></Node>
<StgValue><ssdm name="j_0"/></StgValue>
</operation>

<operation id="24" st_id="3" stage="1" lat="1">
<core>NULL</core>
<MemPortIdVec></MemPortIdVec>
<condition id="-1">
<or_exp><and_exp></and_exp></or_exp>
</condition>

<Node id="25" bw="16" op_0_bw="10">
<![CDATA[
.preheader:1  %zext_ln25 = zext i10 %j_0 to i16

]]></Node>
<StgValue><ssdm name="zext_ln25"/></StgValue>
</operation>

<operation id="25" st_id="3" stage="1" lat="1">
<core>Cmp</core>
<MemPortIdVec></MemPortIdVec>
<condition id="-1">
<or_exp><and_exp></and_exp></or_exp>
</condition>

<Node id="26" bw="1" op_0_bw="10" op_1_bw="10">
<![CDATA[
.preheader:2  %icmp_ln25 = icmp eq i10 %j_0, -384

]]></Node>
<StgValue><ssdm name="icmp_ln25"/></StgValue>
</operation>

<operation id="26" st_id="3" stage="1" lat="1">
<core>NULL</core>
<MemPortIdVec></MemPortIdVec>
<condition id="-1">
<or_exp><and_exp></and_exp></or_exp>
</condition>

<Node id="27" bw="32" op_0_bw="32" op_1_bw="64" op_2_bw="64" op_3_bw="64">
<![CDATA[
.preheader:3  %empty_2 = call i32 (...)* @_ssdm_op_SpecLoopTripCount(i64 640, i64 640, i64 640)

]]></Node>
<StgValue><ssdm name="empty_2"/></StgValue>
</operation>

<operation id="27" st_id="3" stage="1" lat="1">
<core>AddSub</core>
<MemPortIdVec></MemPortIdVec>
<condition id="-1">
<or_exp><and_exp></and_exp></or_exp>
</condition>

<Node id="28" bw="10" op_0_bw="10" op_1_bw="10">
<![CDATA[
.preheader:4  %j = add i10 %j_0, 1

]]></Node>
<StgValue><ssdm name="j"/></StgValue>
</operation>

<operation id="28" st_id="3" stage="1" lat="1">
<core>NULL</core>
<MemPortIdVec></MemPortIdVec>
<condition id="-1">
<or_exp><and_exp></and_exp></or_exp>
</condition>

<Node id="29" bw="0" op_0_bw="1" op_1_bw="0" op_2_bw="0">
<![CDATA[
.preheader:5  br i1 %icmp_ln25, label %.loopexit.loopexit, label %1

]]></Node>
<StgValue><ssdm name="br_ln25"/></StgValue>
</operation>

<operation id="29" st_id="3" stage="1" lat="1">
<core>NULL</core>
<MemPortIdVec></MemPortIdVec>
<condition id="-1">
<or_exp><and_exp><literal name="icmp_ln25" val="0"/>
</and_exp></or_exp>
</condition>

<Node id="31" bw="9" op_0_bw="10">
<![CDATA[
:0  %trunc_ln29 = trunc i10 %j_0 to i9

]]></Node>
<StgValue><ssdm name="trunc_ln29"/></StgValue>
</operation>

<operation id="30" st_id="3" stage="1" lat="1">
<core>LogicGate</core>
<MemPortIdVec></MemPortIdVec>
<condition id="-1">
<or_exp><and_exp><literal name="icmp_ln25" val="0"/>
</and_exp></or_exp>
</condition>

<Node id="32" bw="9" op_0_bw="9" op_1_bw="9">
<![CDATA[
:1  %or_ln29 = or i9 %trunc_ln29, %i_0

]]></Node>
<StgValue><ssdm name="or_ln29"/></StgValue>
</operation>

<operation id="31" st_id="3" stage="1" lat="1">
<core>NULL</core>
<MemPortIdVec></MemPortIdVec>
<condition id="-1">
<or_exp><and_exp><literal name="icmp_ln25" val="0"/>
</and_exp></or_exp>
</condition>

<Node id="33" bw="1" op_0_bw="1" op_1_bw="10" op_2_bw="32">
<![CDATA[
:2  %tmp = call i1 @_ssdm_op_BitSelect.i1.i10.i32(i10 %j_0, i32 9)

]]></Node>
<StgValue><ssdm name="tmp"/></StgValue>
</operation>

<operation id="32" st_id="3" stage="1" lat="1">
<core>NULL</core>
<MemPortIdVec></MemPortIdVec>
<condition id="-1">
<or_exp><and_exp><literal name="icmp_ln25" val="0"/>
</and_exp></or_exp>
</condition>

<Node id="34" bw="10" op_0_bw="10" op_1_bw="1" op_2_bw="9">
<![CDATA[
:3  %or_ln = call i10 @_ssdm_op_BitConcatenate.i10.i1.i9(i1 %tmp, i9 %or_ln29)

]]></Node>
<StgValue><ssdm name="or_ln"/></StgValue>
</operation>

<operation id="33" st_id="3" stage="1" lat="1">
<core>Cmp</core>
<MemPortIdVec></MemPortIdVec>
<condition id="-1">
<or_exp><and_exp><literal name="icmp_ln25" val="0"/>
</and_exp></or_exp>
</condition>

<Node id="35" bw="1" op_0_bw="10" op_1_bw="10">
<![CDATA[
:4  %icmp_ln29 = icmp eq i10 %or_ln, 0

]]></Node>
<StgValue><ssdm name="icmp_ln29"/></StgValue>
</operation>

<operation id="34" st_id="3" stage="1" lat="1">
<core>Cmp</core>
<MemPortIdVec></MemPortIdVec>
<condition id="-1">
<or_exp><and_exp><literal name="icmp_ln25" val="0"/>
</and_exp></or_exp>
</condition>

<Node id="36" bw="1" op_0_bw="10" op_1_bw="10">
<![CDATA[
:5  %icmp_ln34 = icmp eq i10 %j_0, -385

]]></Node>
<StgValue><ssdm name="icmp_ln34"/></StgValue>
</operation>

<operation id="35" st_id="3" stage="1" lat="1">
<core>AddSub</core>
<MemPortIdVec></MemPortIdVec>
<condition id="-1">
<or_exp><and_exp><literal name="icmp_ln25" val="0"/>
</and_exp></or_exp>
</condition>

<Node id="37" bw="16" op_0_bw="16" op_1_bw="16">
<![CDATA[
:6  %add_ln42_1 = add i16 %zext_ln25, %shl_ln42_1

]]></Node>
<StgValue><ssdm name="add_ln42_1"/></StgValue>
</operation>

<operation id="36" st_id="3" stage="1" lat="1">
<core>NULL</core>
<MemPortIdVec></MemPortIdVec>
<condition id="-1">
<or_exp><and_exp><literal name="icmp_ln25" val="0"/>
</and_exp></or_exp>
</condition>

<Node id="38" bw="19" op_0_bw="16">
<![CDATA[
:7  %zext_ln42_2 = zext i16 %add_ln42_1 to i19

]]></Node>
<StgValue><ssdm name="zext_ln42_2"/></StgValue>
</operation>

<operation id="37" st_id="3" stage="1" lat="1">
<core>AddSub</core>
<MemPortIdVec></MemPortIdVec>
<condition id="-1">
<or_exp><and_exp><literal name="icmp_ln25" val="0"/>
</and_exp></or_exp>
</condition>

<Node id="39" bw="19" op_0_bw="19" op_1_bw="19">
<![CDATA[
:8  %add_ln42 = add i19 %zext_ln42_1, %zext_ln42_2

]]></Node>
<StgValue><ssdm name="add_ln42"/></StgValue>
</operation>

<operation id="38" st_id="3" stage="1" lat="1">
<core>NULL</core>
<MemPortIdVec></MemPortIdVec>
<condition id="-1">
<or_exp><and_exp><literal name="icmp_ln25" val="0"/>
</and_exp></or_exp>
</condition>

<Node id="40" bw="64" op_0_bw="19">
<![CDATA[
:9  %zext_ln42 = zext i19 %add_ln42 to i64

]]></Node>
<StgValue><ssdm name="zext_ln42"/></StgValue>
</operation>

<operation id="39" st_id="3" stage="1" lat="1">
<core>NULL</core>
<MemPortIdVec></MemPortIdVec>
<condition id="-1">
<or_exp><and_exp><literal name="icmp_ln25" val="0"/>
</and_exp></or_exp>
</condition>

<Node id="41" bw="19" op_0_bw="8" op_1_bw="64" op_2_bw="64">
<![CDATA[
:10  %mem_V_addr = getelementptr [307200 x i8]* %mem_V, i64 0, i64 %zext_ln42

]]></Node>
<StgValue><ssdm name="mem_V_addr"/></StgValue>
</operation>

<operation id="40" st_id="3" stage="2" lat="2">
<core>RAM</core>
<MemPortIdVec></MemPortIdVec>
<condition id="-1">
<or_exp><and_exp><literal name="icmp_ln25" val="0"/>
</and_exp></or_exp>
</condition>

<Node id="42" bw="8" op_0_bw="19">
<![CDATA[
:11  %mem_V_load = load i8* %mem_V_addr, align 1

]]></Node>
<StgValue><ssdm name="mem_V_load"/></StgValue>
</operation>

<operation id="41" st_id="3" stage="1" lat="1">
<core>NULL</core>
<MemPortIdVec></MemPortIdVec>
<condition id="-1">
<or_exp><and_exp><literal name="icmp_ln25" val="1"/>
</and_exp></or_exp>
</condition>

<Node id="46" bw="0" op_0_bw="0">
<![CDATA[
.loopexit.loopexit:0  br label %.loopexit

]]></Node>
<StgValue><ssdm name="br_ln0"/></StgValue>
</operation>
</state>

<state id="4" st_id="4">

<operation id="42" st_id="4" stage="1" lat="2">
<core>RAM</core>
<MemPortIdVec></MemPortIdVec>
<condition id="-1">
<or_exp><and_exp></and_exp></or_exp>
</condition>

<Node id="42" bw="8" op_0_bw="19">
<![CDATA[
:11  %mem_V_load = load i8* %mem_V_addr, align 1

]]></Node>
<StgValue><ssdm name="mem_V_load"/></StgValue>
</operation>

<operation id="43" st_id="4" stage="2" lat="2">
<core>AXI4Stream</core>
<MemPortIdVec></MemPortIdVec>
<condition id="-1">
<or_exp><and_exp></and_exp></or_exp>
</condition>

<Node id="43" bw="0" op_0_bw="0" op_1_bw="8" op_2_bw="1" op_3_bw="1" op_4_bw="8" op_5_bw="1" op_6_bw="1">
<![CDATA[
:12  call void @_ssdm_op_Write.axis.volatile.i8P.i1P.i1P(i8* %video_data_p_V, i1* %video_user_V, i1* %video_last_V, i8 %mem_V_load, i1 %icmp_ln29, i1 %icmp_ln34)

]]></Node>
<StgValue><ssdm name="write_ln17"/></StgValue>
</operation>
</state>

<state id="5" st_id="5">

<operation id="44" st_id="5" stage="1" lat="2">
<core>AXI4Stream</core>
<MemPortIdVec></MemPortIdVec>
<condition id="-1">
<or_exp><and_exp></and_exp></or_exp>
</condition>

<Node id="43" bw="0" op_0_bw="0" op_1_bw="8" op_2_bw="1" op_3_bw="1" op_4_bw="8" op_5_bw="1" op_6_bw="1">
<![CDATA[
:12  call void @_ssdm_op_Write.axis.volatile.i8P.i1P.i1P(i8* %video_data_p_V, i1* %video_user_V, i1* %video_last_V, i8 %mem_V_load, i1 %icmp_ln29, i1 %icmp_ln34)

]]></Node>
<StgValue><ssdm name="write_ln17"/></StgValue>
</operation>

<operation id="45" st_id="5" stage="1" lat="1">
<core>NULL</core>
<MemPortIdVec></MemPortIdVec>
<condition id="-1">
<or_exp><and_exp></and_exp></or_exp>
</condition>

<Node id="44" bw="0" op_0_bw="0">
<![CDATA[
:13  br label %.preheader

]]></Node>
<StgValue><ssdm name="br_ln25"/></StgValue>
</operation>
</state>
</state_list>


<ports>
</ports>


<dataflows>
</dataflows>


</stg>
