<stg><name>im_load</name>


<trans_list>

<trans id="46" from="1" to="2">
<condition id="-1">
<or_exp><and_exp></and_exp></or_exp>
</condition>
</trans>

<trans id="47" from="2" to="3">
<condition id="-1">
<or_exp><and_exp><literal name="icmp_ln23" val="0"/>
</and_exp></or_exp>
</condition>
</trans>

<trans id="48" from="3" to="4">
<condition id="-1">
<or_exp><and_exp><literal name="icmp_ln25" val="0"/>
</and_exp></or_exp>
</condition>
</trans>

<trans id="52" from="3" to="2">
<condition id="-1">
<or_exp><and_exp><literal name="icmp_ln25" val="1"/>
</and_exp></or_exp>
</condition>
</trans>

<trans id="50" from="4" to="5">
<condition id="-1">
<or_exp><and_exp></and_exp></or_exp>
</condition>
</trans>

<trans id="51" from="5" to="3">
<condition id="-1">
<or_exp><and_exp></and_exp></or_exp>
</condition>
</trans>
</trans_list>



<state_list>

<state id="1" st_id="1">

<operation id="6" st_id="1" stage="1" lat="1">
<core>NULL</core>
<MemPortIdVec></MemPortIdVec>
<condition id="-1">
<or_exp><and_exp></and_exp></or_exp>
</condition>

<Node id="5" bw="0" op_0_bw="0" op_1_bw="8">
<![CDATA[
:0  call void (...)* @_ssdm_op_SpecBitsMap(i8* %video_data_p_V), !map !31

]]></Node>
<StgValue><ssdm name="specbitsmap_ln0"/></StgValue>
</operation>

<operation id="7" st_id="1" stage="1" lat="1">
<core>NULL</core>
<MemPortIdVec></MemPortIdVec>
<condition id="-1">
<or_exp><and_exp></and_exp></or_exp>
</condition>

<Node id="6" bw="0" op_0_bw="0" op_1_bw="1">
<![CDATA[
:1  call void (...)* @_ssdm_op_SpecBitsMap(i1* %video_user_V), !map !35

]]></Node>
<StgValue><ssdm name="specbitsmap_ln0"/></StgValue>
</operation>

<operation id="8" st_id="1" stage="1" lat="1">
<core>NULL</core>
<MemPortIdVec></MemPortIdVec>
<condition id="-1">
<or_exp><and_exp></and_exp></or_exp>
</condition>

<Node id="7" bw="0" op_0_bw="0" op_1_bw="1">
<![CDATA[
:2  call void (...)* @_ssdm_op_SpecBitsMap(i1* %video_last_V), !map !39

]]></Node>
<StgValue><ssdm name="specbitsmap_ln0"/></StgValue>
</operation>

<operation id="9" st_id="1" stage="1" lat="1">
<core>NULL</core>
<MemPortIdVec></MemPortIdVec>
<condition id="-1">
<or_exp><and_exp></and_exp></or_exp>
</condition>

<Node id="8" bw="0" op_0_bw="0" op_1_bw="8">
<![CDATA[
:3  call void (...)* @_ssdm_op_SpecBitsMap([307200 x i8]* %mem_V), !map !43

]]></Node>
<StgValue><ssdm name="specbitsmap_ln0"/></StgValue>
</operation>

<operation id="10" st_id="1" stage="1" lat="1">
<core>NULL</core>
<MemPortIdVec></MemPortIdVec>
<condition id="-1">
<or_exp><and_exp></and_exp></or_exp>
</condition>

<Node id="9" bw="0" op_0_bw="0" op_1_bw="0">
<![CDATA[
:4  call void (...)* @_ssdm_op_SpecTopModule([8 x i8]* @im_load_str) nounwind

]]></Node>
<StgValue><ssdm name="spectopmodule_ln0"/></StgValue>
</operation>

<operation id="11" st_id="1" stage="1" lat="1">
<core>NULL</core>
<MemPortIdVec></MemPortIdVec>
<condition id="-1">
<or_exp><and_exp></and_exp></or_exp>
</condition>

<Node id="10" bw="0" op_0_bw="0" op_1_bw="8" op_2_bw="1" op_3_bw="1" op_4_bw="0" op_5_bw="32" op_6_bw="32" op_7_bw="0" op_8_bw="32" op_9_bw="32" op_10_bw="0" op_11_bw="0" op_12_bw="0" op_13_bw="32" op_14_bw="32" op_15_bw="32" op_16_bw="32" op_17_bw="0" op_18_bw="0">
<![CDATA[
:5  call void (...)* @_ssdm_op_SpecInterface(i8* %video_data_p_V, i1* %video_user_V, i1* %video_last_V, [5 x i8]* @p_str, i32 1, i32 1, [5 x i8]* @p_str1, i32 0, i32 0, [1 x i8]* @p_str2, [1 x i8]* @p_str2, [1 x i8]* @p_str2, i32 0, i32 0, i32 0, i32 0, [1 x i8]* @p_str2, [1 x i8]* @p_str2) nounwind

]]></Node>
<StgValue><ssdm name="specinterface_ln19"/></StgValue>
</operation>

<operation id="12" st_id="1" stage="1" lat="1">
<core>NULL</core>
<MemPortIdVec></MemPortIdVec>
<condition id="-1">
<or_exp><and_exp></and_exp></or_exp>
</condition>

<Node id="11" bw="0" op_0_bw="0">
<![CDATA[
:6  br label %.loopexit

]]></Node>
<StgValue><ssdm name="br_ln23"/></StgValue>
</operation>
</state>

<state id="2" st_id="2">

<operation id="13" st_id="2" stage="1" lat="1">
<core>NULL</core>
<MemPortIdVec></MemPortIdVec>
<condition id="-1">
<or_exp><and_exp></and_exp></or_exp>
</condition>

<Node id="13" bw="9" op_0_bw="9" op_1_bw="0" op_2_bw="9" op_3_bw="0">
<![CDATA[
.loopexit:0  %i_0 = phi i9 [ 0, %0 ], [ %i, %.loopexit.loopexit ]

]]></Node>
<StgValue><ssdm name="i_0"/></StgValue>
</operation>

<operation id="14" st_id="2" stage="1" lat="1">
<core>Cmp</core>
<MemPortIdVec></MemPortIdVec>
<condition id="-1">
<or_exp><and_exp></and_exp></or_exp>
</condition>

<Node id="14" bw="1" op_0_bw="9" op_1_bw="9">
<![CDATA[
.loopexit:1  %icmp_ln23 = icmp eq i9 %i_0, -32

]]></Node>
<StgValue><ssdm name="icmp_ln23"/></StgValue>
</operation>

<operation id="15" st_id="2" stage="1" lat="1">
<core>NULL</core>
<MemPortIdVec></MemPortIdVec>
<condition id="-1">
<or_exp><and_exp></and_exp></or_exp>
</condition>

<Node id="15" bw="32" op_0_bw="32" op_1_bw="64" op_2_bw="64" op_3_bw="64">
<![CDATA[
.loopexit:2  %empty = call i32 (...)* @_ssdm_op_SpecLoopTripCount(i64 480, i64 480, i64 480)

]]></Node>
<StgValue><ssdm name="empty"/></StgValue>
</operation>

<operation id="16" st_id="2" stage="1" lat="1">
<core>AddSub</core>
<MemPortIdVec></MemPortIdVec>
<condition id="-1">
<or_exp><and_exp></and_exp></or_exp>
</condition>

<Node id="16" bw="9" op_0_bw="9" op_1_bw="9">
<![CDATA[
.loopexit:3  %i = add i9 %i_0, 1

]]></Node>
<StgValue><ssdm name="i"/></StgValue>
</operation>

<operation id="17" st_id="2" stage="1" lat="1">
<core>NULL</core>
<MemPortIdVec></MemPortIdVec>
<condition id="-1">
<or_exp><and_exp></and_exp></or_exp>
</condition>

<Node id="17" bw="0" op_0_bw="1" op_1_bw="0" op_2_bw="0">
<![CDATA[
.loopexit:4  br i1 %icmp_ln23, label %2, label %.preheader.preheader

]]></Node>
<StgValue><ssdm name="br_ln23"/></StgValue>
</operation>

<operation id="18" st_id="2" stage="1" lat="1">
<core>NULL</core>
<MemPortIdVec></MemPortIdVec>
<condition id="-1">
<or_exp><and_exp><literal name="icmp_ln23" val="0"/>
</and_exp></or_exp>
</condition>

<Node id="19" bw="18" op_0_bw="18" op_1_bw="9" op_2_bw="9">
<![CDATA[
.preheader.preheader:0  %shl_ln = call i18 @_ssdm_op_BitConcatenate.i18.i9.i9(i9 %i_0, i9 0)

]]></Node>
<StgValue><ssdm name="shl_ln"/></StgValue>
</operation>

<operation id="19" st_id="2" stage="1" lat="1">
<core>NULL</core>
<MemPortIdVec></MemPortIdVec>
<condition id="-1">
<or_exp><and_exp><literal name="icmp_ln23" val="0"/>
</and_exp></or_exp>
</condition>

<Node id="20" bw="19" op_0_bw="18">
<![CDATA[
.preheader.preheader:1  %zext_ln42_1 = zext i18 %shl_ln to i19

]]></Node>
<StgValue><ssdm name="zext_ln42_1"/></StgValue>
</operation>

<operation id="20" st_id="2" stage="1" lat="1">
<core>NULL</core>
<MemPortIdVec></MemPortIdVec>
<condition id="-1">
<or_exp><and_exp><literal name="icmp_ln23" val="0"/>
</and_exp></or_exp>
</condition>

<Node id="21" bw="16" op_0_bw="16" op_1_bw="9" op_2_bw="7">
<![CDATA[
.preheader.preheader:2  %shl_ln42_1 = call i16 @_ssdm_op_BitConcatenate.i16.i9.i7(i9 %i_0, i7 0)

]]></Node>
<StgValue><ssdm name="shl_ln42_1"/></StgValue>
</operation>

<operation id="21" st_id="2" stage="1" lat="1">
<core>NULL</core>
<MemPortIdVec></MemPortIdVec>
<condition id="-1">
<or_exp><and_exp><literal name="icmp_ln23" val="0"/>
</and_exp></or_exp>
</condition>

<Node id="22" bw="0" op_0_bw="0">
<![CDATA[
.preheader.preheader:3  br label %.preheader

]]></Node>
<StgValue><ssdm name="br_ln0"/></StgValue>
</operation>

<operation id="22" st_id="2" stage="1" lat="1">
<core>NULL</core>
<MemPortIdVec></MemPortIdVec>
<condition id="-1">
<or_exp><and_exp><literal name="icmp_ln23" val="1"/>
</and_exp></or_exp>
</condition>

<Node id="48" bw="0">
<![CDATA[
:0  ret void

]]></Node>
<StgValue><ssdm name="ret_ln47"/></StgValue>
</operation>
</state>

<state id="3" st_id="3">

<operation id="23" st_id="3" stage="1" lat="1">
<core>NULL</core>
<MemPortIdVec></MemPortIdVec>
<condition id="-1">
<or_exp><and_exp></and_exp></or_exp>
</condition>

<Node id="24" bw="10" op_0_bw="10" op_1_bw="0" op_2_bw="10" op_3_bw="0">
<![CDATA[
.preheader:0  %j_0 = phi i10 [ %j, %1 ], [ 0, %.preheader.preheader ]

]]></Node>
<StgValue><ssdm name="j_0"/></StgValue>
</operation>

<operation id="24" st_id="3" stage="1" lat="1">
<core>NULL</core>
<MemPortIdVec></MemPortIdVec>
<condition id="-1">
<or_exp><and_exp></and_exp></or_exp>
</condition>

<Node id="25" bw="16" op_0_bw="10">
<![CDATA[
.preheader:1  %zext_ln25 = zext i10 %j_0 to i16

]]></Node>
<StgValue><ssdm name="zext_ln25"/></StgValue>
</operation>

<operation id="25" st_id="3" stage="1" lat="1">
<core>Cmp</core>
<MemPortIdVec></MemPortIdVec>
<condition id="-1">
<or_exp><and_exp></and_exp></or_exp>
</condition>

<Node id="26" bw="1" op_0_bw="10" op_1_bw="10">
<![CDATA[
.preheader:2  %icmp_ln25 = icmp eq i10 %j_0, -384

]]></Node>
<StgValue><ssdm name="icmp_ln25"/></StgValue>
</operation>

<operation id="26" st_id="3" stage="1" lat="1">
<core>NULL</core>
<MemPortIdVec></MemPortIdVec>
<condition id="-1">
<or_exp><and_exp></and_exp></or_exp>
</condition>

<Node id="27" bw="32" op_0_bw="32" op_1_bw="64" op_2_bw="64" op_3_bw="64">
<![CDATA[
.preheader:3  %empty_2 = call i32 (...)* @_ssdm_op_SpecLoopTripCount(i64 640, i64 640, i64 640)

]]></Node>
<StgValue><ssdm name="empty_2"/></StgValue>
</operation>

<operation id="27" st_id="3" stage="1" lat="1">
<core>AddSub</core>
<MemPortIdVec></MemPortIdVec>
<condition id="-1">
<or_exp><and_exp></and_exp></or_exp>
</condition>

<Node id="28" bw="10" op_0_bw="10" op_1_bw="10">
<![CDATA[
.preheader:4  %j = add i10 %j_0, 1

]]></Node>
<StgValue><ssdm name="j"/></StgValue>
</operation>

<operation id="28" st_id="3" stage="1" lat="1">
<core>NULL</core>
<MemPortIdVec></MemPortIdVec>
<condition id="-1">
<or_exp><and_exp></and_exp></or_exp>
</condition>

<Node id="29" bw="0" op_0_bw="1" op_1_bw="0" op_2_bw="0">
<![CDATA[
.preheader:5  br i1 %icmp_ln25, label %.loopexit.loopexit, label %1

]]></Node>
<StgValue><ssdm name="br_ln25"/></StgValue>
</operation>

<operation id="29" st_id="3" stage="1" lat="1">
<core>NULL</core>
<MemPortIdVec></MemPortIdVec>
<condition id="-1">
<or_exp><and_exp><literal name="icmp_ln25" val="0"/>
</and_exp></or_exp>
</condition>

<Node id="31" bw="9" op_0_bw="10">
<![CDATA[
:0  %trunc_ln29 = trunc i10 %j_0 to i9

]]></Node>
<StgValue><ssdm name="trunc_ln29"/></StgValue>
</operation>

<operation id="30" st_id="3" stage="1" lat="1">
<core>LogicGate</core>
<MemPortIdVec></MemPortIdVec>
<condition id="-1">
<or_exp><and_exp><literal name="icmp_ln25" val="0"/>
</and_exp></or_exp>
</condition>

<Node id="32" bw="9" op_0_bw="9" op_1_bw="9">
<![CDATA[
:1  %or_ln29 = or i9 %trunc_ln29, %i_0

]]></Node>
<StgValue><ssdm name="or_ln29"/></StgValue>
</operation>

<operation id="31" st_id="3" stage="1" lat="1">
<core>NULL</core>
<MemPortIdVec></MemPortIdVec>
<condition id="-1">
<or_exp><and_exp><literal name="icmp_ln25" val="0"/>
</and_exp></or_exp>
</condition>

<Node id="33" bw="1" op_0_bw="1" op_1_bw="10" op_2_bw="32">
<![CDATA[
:2  %tmp = call i1 @_ssdm_op_BitSelect.i1.i10.i32(i10 %j_0, i32 9)

]]></Node>
<StgValue><ssdm name="tmp"/></StgValue>
</operation>

<operation id="32" st_id="3" stage="1" lat="1">
<core>NULL</core>
<MemPortIdVec></MemPortIdVec>
<condition id="-1">
<or_exp><and_exp><literal name="icmp_ln25" val="0"/>
</and_exp></or_exp>
</condition>

<Node id="34" bw="10" op_0_bw="10" op_1_bw="1" op_2_bw="9">
<![CDATA[
:3  %or_ln = call i10 @_ssdm_op_BitConcatenate.i10.i1.i9(i1 %tmp, i9 %or_ln29)

]]></Node>
<StgValue><ssdm name="or_ln"/></StgValue>
</operation>

<operation id="33" st_id="3" stage="1" lat="1">
<core>Cmp</core>
<MemPortIdVec></MemPortIdVec>
<condition id="-1">
<or_exp><and_exp><literal name="icmp_ln25" val="0"/>
</and_exp></or_exp>
</condition>

<Node id="35" bw="1" op_0_bw="10" op_1_bw="10">
<![CDATA[
:4  %icmp_ln29 = icmp eq i10 %or_ln, 0

]]></Node>
<StgValue><ssdm name="icmp_ln29"/></StgValue>
</operation>

<operation id="34" st_id="3" stage="1" lat="1">
<core>Cmp</core>
<MemPortIdVec></MemPortIdVec>
<condition id="-1">
<or_exp><and_exp><literal name="icmp_ln25" val="0"/>
</and_exp></or_exp>
</condition>

<Node id="36" bw="1" op_0_bw="10" op_1_bw="10">
<![CDATA[
:5  %icmp_ln34 = icmp eq i10 %j_0, -385

]]></Node>
<StgValue><ssdm name="icmp_ln34"/></StgValue>
</operation>

<operation id="35" st_id="3" stage="1" lat="1">
<core>AddSub</core>
<MemPortIdVec></MemPortIdVec>
<condition id="-1">
<or_exp><and_exp><literal name="icmp_ln25" val="0"/>
</and_exp></or_exp>
</condition>

<Node id="37" bw="16" op_0_bw="16" op_1_bw="16">
<![CDATA[
:6  %add_ln42_1 = add i16 %zext_ln25, %shl_ln42_1

]]></Node>
<StgValue><ssdm name="add_ln42_1"/></StgValue>
</operation>

<operation id="36" st_id="3" stage="1" lat="1">
<core>NULL</core>
<MemPortIdVec></MemPortIdVec>
<condition id="-1">
<or_exp><and_exp><literal name="icmp_ln25" val="0"/>
</and_exp></or_exp>
</condition>

<Node id="38" bw="19" op_0_bw="16">
<![CDATA[
:7  %zext_ln42_2 = zext i16 %add_ln42_1 to i19

]]></Node>
<StgValue><ssdm name="zext_ln42_2"/></StgValue>
</operation>

<operation id="37" st_id="3" stage="1" lat="1">
<core>AddSub</core>
<MemPortIdVec></MemPortIdVec>
<condition id="-1">
<or_exp><and_exp><literal name="icmp_ln25" val="0"/>
</and_exp></or_exp>
</condition>

<Node id="39" bw="19" op_0_bw="19" op_1_bw="19">
<![CDATA[
:8  %add_ln42 = add i19 %zext_ln42_1, %zext_ln42_2

]]></Node>
<StgValue><ssdm name="add_ln42"/></StgValue>
</operation>

<operation id="38" st_id="3" stage="1" lat="1">
<core>NULL</core>
<MemPortIdVec></MemPortIdVec>
<condition id="-1">
<or_exp><and_exp><literal name="icmp_ln25" val="0"/>
</and_exp></or_exp>
</condition>

<Node id="40" bw="64" op_0_bw="19">
<![CDATA[
:9  %zext_ln42 = zext i19 %add_ln42 to i64

]]></Node>
<StgValue><ssdm name="zext_ln42"/></StgValue>
</operation>

<operation id="39" st_id="3" stage="1" lat="1">
<core>NULL</core>
<MemPortIdVec></MemPortIdVec>
<condition id="-1">
<or_exp><and_exp><literal name="icmp_ln25" val="0"/>
</and_exp></or_exp>
</condition>

<Node id="41" bw="19" op_0_bw="8" op_1_bw="64" op_2_bw="64">
<![CDATA[
:10  %mem_V_addr = getelementptr [307200 x i8]* %mem_V, i64 0, i64 %zext_ln42

]]></Node>
<StgValue><ssdm name="mem_V_addr"/></StgValue>
</operation>

<operation id="40" st_id="3" stage="2" lat="2">
<core>RAM</core>
<MemPortIdVec>0 </MemPortIdVec>
<condition id="-1">
<or_exp><and_exp><literal name="icmp_ln25" val="0"/>
</and_exp></or_exp>
</condition>

<Node id="42" bw="8" op_0_bw="19">
<![CDATA[
:11  %mem_V_load = load i8* %mem_V_addr, align 1

]]></Node>
<StgValue><ssdm name="mem_V_load"/></StgValue>
</operation>

<operation id="41" st_id="3" stage="1" lat="1">
<core>NULL</core>
<MemPortIdVec></MemPortIdVec>
<condition id="-1">
<or_exp><and_exp><literal name="icmp_ln25" val="1"/>
</and_exp></or_exp>
</condition>

<Node id="46" bw="0" op_0_bw="0">
<![CDATA[
.loopexit.loopexit:0  br label %.loopexit

]]></Node>
<StgValue><ssdm name="br_ln0"/></StgValue>
</operation>
</state>

<state id="4" st_id="4">

<operation id="42" st_id="4" stage="1" lat="2">
<core>RAM</core>
<MemPortIdVec>0 </MemPortIdVec>
<condition id="-1">
<or_exp><and_exp></and_exp></or_exp>
</condition>

<Node id="42" bw="8" op_0_bw="19">
<![CDATA[
:11  %mem_V_load = load i8* %mem_V_addr, align 1

]]></Node>
<StgValue><ssdm name="mem_V_load"/></StgValue>
</operation>

<operation id="43" st_id="4" stage="2" lat="2">
<core>AXI4Stream</core>
<MemPortIdVec></MemPortIdVec>
<condition id="-1">
<or_exp><and_exp></and_exp></or_exp>
</condition>

<Node id="43" bw="0" op_0_bw="0" op_1_bw="8" op_2_bw="1" op_3_bw="1" op_4_bw="8" op_5_bw="1" op_6_bw="1">
<![CDATA[
:12  call void @_ssdm_op_Write.axis.volatile.i8P.i1P.i1P(i8* %video_data_p_V, i1* %video_user_V, i1* %video_last_V, i8 %mem_V_load, i1 %icmp_ln29, i1 %icmp_ln34)

]]></Node>
<StgValue><ssdm name="write_ln17"/></StgValue>
</operation>
</state>

<state id="5" st_id="5">

<operation id="44" st_id="5" stage="1" lat="2">
<core>AXI4Stream</core>
<MemPortIdVec></MemPortIdVec>
<condition id="-1">
<or_exp><and_exp></and_exp></or_exp>
</condition>

<Node id="43" bw="0" op_0_bw="0" op_1_bw="8" op_2_bw="1" op_3_bw="1" op_4_bw="8" op_5_bw="1" op_6_bw="1">
<![CDATA[
:12  call void @_ssdm_op_Write.axis.volatile.i8P.i1P.i1P(i8* %video_data_p_V, i1* %video_user_V, i1* %video_last_V, i8 %mem_V_load, i1 %icmp_ln29, i1 %icmp_ln34)

]]></Node>
<StgValue><ssdm name="write_ln17"/></StgValue>
</operation>

<operation id="45" st_id="5" stage="1" lat="1">
<core>NULL</core>
<MemPortIdVec></MemPortIdVec>
<condition id="-1">
<or_exp><and_exp></and_exp></or_exp>
</condition>

<Node id="44" bw="0" op_0_bw="0">
<![CDATA[
:13  br label %.preheader

]]></Node>
<StgValue><ssdm name="br_ln25"/></StgValue>
</operation>
</state>
</state_list>


<ports>
<port id="53" name="video_data_p_V" dir="1" iftype="0">
<core>NULL</core><StgValue><ssdm name="video_data_p_V"/></StgValue>
</port>
<port id="54" name="video_user_V" dir="1" iftype="0">
<core>NULL</core><StgValue><ssdm name="video_user_V"/></StgValue>
</port>
<port id="55" name="video_last_V" dir="1" iftype="0">
<core>NULL</core><StgValue><ssdm name="video_last_V"/></StgValue>
</port>
<port id="56" name="mem_V" dir="0" iftype="1">
<core>RAM</core><StgValue><ssdm name="mem_V"/><MemPortTyVec>1 3 </MemPortTyVec>
</StgValue>
</port>
</ports>


<dataflows>
<dataflow id="58" from="_ssdm_op_SpecBitsMap" to="specbitsmap_ln0" fromId="57" toId="6">
</dataflow>
<dataflow id="59" from="video_data_p_V" to="specbitsmap_ln0" fromId="53" toId="6">
</dataflow>
<dataflow id="60" from="_ssdm_op_SpecBitsMap" to="specbitsmap_ln0" fromId="57" toId="7">
</dataflow>
<dataflow id="61" from="video_user_V" to="specbitsmap_ln0" fromId="54" toId="7">
</dataflow>
<dataflow id="62" from="_ssdm_op_SpecBitsMap" to="specbitsmap_ln0" fromId="57" toId="8">
</dataflow>
<dataflow id="63" from="video_last_V" to="specbitsmap_ln0" fromId="55" toId="8">
</dataflow>
<dataflow id="64" from="_ssdm_op_SpecBitsMap" to="specbitsmap_ln0" fromId="57" toId="9">
</dataflow>
<dataflow id="65" from="mem_V" to="specbitsmap_ln0" fromId="56" toId="9">
</dataflow>
<dataflow id="67" from="_ssdm_op_SpecTopModule" to="spectopmodule_ln0" fromId="66" toId="10">
</dataflow>
<dataflow id="69" from="im_load_str" to="spectopmodule_ln0" fromId="68" toId="10">
</dataflow>
<dataflow id="71" from="_ssdm_op_SpecInterface" to="specinterface_ln19" fromId="70" toId="11">
</dataflow>
<dataflow id="72" from="video_data_p_V" to="specinterface_ln19" fromId="53" toId="11">
</dataflow>
<dataflow id="73" from="video_user_V" to="specinterface_ln19" fromId="54" toId="11">
</dataflow>
<dataflow id="74" from="video_last_V" to="specinterface_ln19" fromId="55" toId="11">
</dataflow>
<dataflow id="76" from="p_str" to="specinterface_ln19" fromId="75" toId="11">
</dataflow>
<dataflow id="78" from="StgValue_77" to="specinterface_ln19" fromId="77" toId="11">
</dataflow>
<dataflow id="79" from="StgValue_77" to="specinterface_ln19" fromId="77" toId="11">
</dataflow>
<dataflow id="81" from="p_str1" to="specinterface_ln19" fromId="80" toId="11">
</dataflow>
<dataflow id="83" from="StgValue_82" to="specinterface_ln19" fromId="82" toId="11">
</dataflow>
<dataflow id="84" from="StgValue_82" to="specinterface_ln19" fromId="82" toId="11">
</dataflow>
<dataflow id="86" from="p_str2" to="specinterface_ln19" fromId="85" toId="11">
</dataflow>
<dataflow id="87" from="p_str2" to="specinterface_ln19" fromId="85" toId="11">
</dataflow>
<dataflow id="88" from="p_str2" to="specinterface_ln19" fromId="85" toId="11">
</dataflow>
<dataflow id="89" from="StgValue_82" to="specinterface_ln19" fromId="82" toId="11">
</dataflow>
<dataflow id="90" from="StgValue_82" to="specinterface_ln19" fromId="82" toId="11">
</dataflow>
<dataflow id="91" from="StgValue_82" to="specinterface_ln19" fromId="82" toId="11">
</dataflow>
<dataflow id="92" from="StgValue_82" to="specinterface_ln19" fromId="82" toId="11">
</dataflow>
<dataflow id="93" from="p_str2" to="specinterface_ln19" fromId="85" toId="11">
</dataflow>
<dataflow id="94" from="p_str2" to="specinterface_ln19" fromId="85" toId="11">
</dataflow>
<dataflow id="96" from="StgValue_95" to="i_0" fromId="95" toId="13">
<condition id="-1">
<or_exp><and_exp></and_exp></or_exp>
</condition>
</dataflow>
<dataflow id="97" from="br_ln23" to="i_0" fromId="12" toId="13">
</dataflow>
<dataflow id="98" from="i" to="i_0" fromId="16" toId="13">
<BackEdge/>
<condition id="-1">
<or_exp><and_exp><literal name="icmp_ln25" val="1"/>
</and_exp></or_exp>
</condition>
</dataflow>
<dataflow id="99" from="br_ln0" to="i_0" fromId="41" toId="13">
<BackEdge/>
</dataflow>
<dataflow id="100" from="i_0" to="icmp_ln23" fromId="13" toId="14">
</dataflow>
<dataflow id="102" from="StgValue_101" to="icmp_ln23" fromId="101" toId="14">
</dataflow>
<dataflow id="104" from="_ssdm_op_SpecLoopTripCount" to="empty" fromId="103" toId="15">
</dataflow>
<dataflow id="106" from="StgValue_105" to="empty" fromId="105" toId="15">
</dataflow>
<dataflow id="107" from="StgValue_105" to="empty" fromId="105" toId="15">
</dataflow>
<dataflow id="108" from="StgValue_105" to="empty" fromId="105" toId="15">
</dataflow>
<dataflow id="109" from="i_0" to="i" fromId="13" toId="16">
</dataflow>
<dataflow id="111" from="StgValue_110" to="i" fromId="110" toId="16">
</dataflow>
<dataflow id="112" from="icmp_ln23" to="br_ln23" fromId="14" toId="17">
</dataflow>
<dataflow id="114" from="_ssdm_op_BitConcatenate.i18.i9.i9" to="shl_ln" fromId="113" toId="18">
</dataflow>
<dataflow id="115" from="i_0" to="shl_ln" fromId="13" toId="18">
</dataflow>
<dataflow id="116" from="StgValue_95" to="shl_ln" fromId="95" toId="18">
</dataflow>
<dataflow id="117" from="shl_ln" to="zext_ln42_1" fromId="18" toId="19">
</dataflow>
<dataflow id="119" from="_ssdm_op_BitConcatenate.i16.i9.i7" to="shl_ln42_1" fromId="118" toId="20">
</dataflow>
<dataflow id="120" from="i_0" to="shl_ln42_1" fromId="13" toId="20">
</dataflow>
<dataflow id="122" from="StgValue_121" to="shl_ln42_1" fromId="121" toId="20">
</dataflow>
<dataflow id="123" from="j" to="j_0" fromId="27" toId="23">
<BackEdge/>
<condition id="-1">
<or_exp><and_exp></and_exp></or_exp>
</condition>
</dataflow>
<dataflow id="124" from="br_ln25" to="j_0" fromId="45" toId="23">
<BackEdge/>
</dataflow>
<dataflow id="126" from="StgValue_125" to="j_0" fromId="125" toId="23">
<condition id="-1">
<or_exp><and_exp><literal name="icmp_ln23" val="0"/>
</and_exp></or_exp>
</condition>
</dataflow>
<dataflow id="127" from="br_ln0" to="j_0" fromId="21" toId="23">
</dataflow>
<dataflow id="128" from="j_0" to="zext_ln25" fromId="23" toId="24">
</dataflow>
<dataflow id="129" from="j_0" to="icmp_ln25" fromId="23" toId="25">
</dataflow>
<dataflow id="131" from="StgValue_130" to="icmp_ln25" fromId="130" toId="25">
</dataflow>
<dataflow id="132" from="_ssdm_op_SpecLoopTripCount" to="empty_2" fromId="103" toId="26">
</dataflow>
<dataflow id="134" from="StgValue_133" to="empty_2" fromId="133" toId="26">
</dataflow>
<dataflow id="135" from="StgValue_133" to="empty_2" fromId="133" toId="26">
</dataflow>
<dataflow id="136" from="StgValue_133" to="empty_2" fromId="133" toId="26">
</dataflow>
<dataflow id="137" from="j_0" to="j" fromId="23" toId="27">
</dataflow>
<dataflow id="139" from="StgValue_138" to="j" fromId="138" toId="27">
</dataflow>
<dataflow id="140" from="icmp_ln25" to="br_ln25" fromId="25" toId="28">
</dataflow>
<dataflow id="141" from="j_0" to="trunc_ln29" fromId="23" toId="29">
</dataflow>
<dataflow id="142" from="trunc_ln29" to="or_ln29" fromId="29" toId="30">
</dataflow>
<dataflow id="143" from="i_0" to="or_ln29" fromId="13" toId="30">
</dataflow>
<dataflow id="145" from="_ssdm_op_BitSelect.i1.i10.i32" to="tmp" fromId="144" toId="31">
</dataflow>
<dataflow id="146" from="j_0" to="tmp" fromId="23" toId="31">
</dataflow>
<dataflow id="148" from="StgValue_147" to="tmp" fromId="147" toId="31">
</dataflow>
<dataflow id="150" from="_ssdm_op_BitConcatenate.i10.i1.i9" to="or_ln" fromId="149" toId="32">
</dataflow>
<dataflow id="151" from="tmp" to="or_ln" fromId="31" toId="32">
</dataflow>
<dataflow id="152" from="or_ln29" to="or_ln" fromId="30" toId="32">
</dataflow>
<dataflow id="153" from="or_ln" to="icmp_ln29" fromId="32" toId="33">
</dataflow>
<dataflow id="154" from="StgValue_125" to="icmp_ln29" fromId="125" toId="33">
</dataflow>
<dataflow id="155" from="j_0" to="icmp_ln34" fromId="23" toId="34">
</dataflow>
<dataflow id="157" from="StgValue_156" to="icmp_ln34" fromId="156" toId="34">
</dataflow>
<dataflow id="158" from="zext_ln25" to="add_ln42_1" fromId="24" toId="35">
</dataflow>
<dataflow id="159" from="shl_ln42_1" to="add_ln42_1" fromId="20" toId="35">
</dataflow>
<dataflow id="160" from="add_ln42_1" to="zext_ln42_2" fromId="35" toId="36">
</dataflow>
<dataflow id="161" from="zext_ln42_1" to="add_ln42" fromId="19" toId="37">
</dataflow>
<dataflow id="162" from="zext_ln42_2" to="add_ln42" fromId="36" toId="37">
</dataflow>
<dataflow id="163" from="add_ln42" to="zext_ln42" fromId="37" toId="38">
</dataflow>
<dataflow id="164" from="mem_V" to="mem_V_addr" fromId="56" toId="39">
</dataflow>
<dataflow id="166" from="StgValue_165" to="mem_V_addr" fromId="165" toId="39">
</dataflow>
<dataflow id="167" from="zext_ln42" to="mem_V_addr" fromId="38" toId="39">
</dataflow>
<dataflow id="168" from="mem_V_addr" to="mem_V_load" fromId="39" toId="40">
</dataflow>
<dataflow id="169" from="mem_V_addr" to="mem_V_load" fromId="39" toId="42">
</dataflow>
<dataflow id="171" from="_ssdm_op_Write.axis.volatile.i8P.i1P.i1P" to="write_ln17" fromId="170" toId="43">
</dataflow>
<dataflow id="172" from="video_data_p_V" to="write_ln17" fromId="53" toId="43">
</dataflow>
<dataflow id="173" from="video_user_V" to="write_ln17" fromId="54" toId="43">
</dataflow>
<dataflow id="174" from="video_last_V" to="write_ln17" fromId="55" toId="43">
</dataflow>
<dataflow id="175" from="mem_V_load" to="write_ln17" fromId="42" toId="43">
</dataflow>
<dataflow id="176" from="icmp_ln29" to="write_ln17" fromId="33" toId="43">
</dataflow>
<dataflow id="177" from="icmp_ln34" to="write_ln17" fromId="34" toId="43">
</dataflow>
<dataflow id="178" from="_ssdm_op_Write.axis.volatile.i8P.i1P.i1P" to="write_ln17" fromId="170" toId="44">
</dataflow>
<dataflow id="179" from="video_data_p_V" to="write_ln17" fromId="53" toId="44">
</dataflow>
<dataflow id="180" from="video_user_V" to="write_ln17" fromId="54" toId="44">
</dataflow>
<dataflow id="181" from="video_last_V" to="write_ln17" fromId="55" toId="44">
</dataflow>
<dataflow id="182" from="mem_V_load" to="write_ln17" fromId="42" toId="44">
</dataflow>
<dataflow id="183" from="icmp_ln29" to="write_ln17" fromId="33" toId="44">
</dataflow>
<dataflow id="184" from="icmp_ln34" to="write_ln17" fromId="34" toId="44">
</dataflow>
<dataflow id="185" from="icmp_ln23" to="StgValue_2" fromId="14" toId="2">
</dataflow>
<dataflow id="186" from="icmp_ln25" to="StgValue_3" fromId="25" toId="3">
</dataflow>
</dataflows>


</stg>
