<annotationInfo>
<annotationInfo>
<item  id="14" filename="im_load/im_load_cor.cpp" linenumber="23" name="icmp_ln23" contextFuncName="im_load" moduleName="im_load" rtlName="icmp_ln23_fu_112_p2" latency="0" BRAM="-1" DSP="-1" FF="0" LUT="13" fileDirectory="C:\projets\esirem\soc\tp4v2\hls"><\/item>
<item  id="16" filename="im_load/im_load_cor.cpp" linenumber="23" name="i" contextFuncName="im_load" moduleName="im_load" rtlName="i_fu_118_p2" latency="0" BRAM="-1" DSP="-1" FF="0" LUT="15" fileDirectory="C:\projets\esirem\soc\tp4v2\hls"><\/item>
<item  id="19" filename="im_load/im_load_cor.cpp" linenumber="42" name="shl_ln" contextFuncName="im_load" moduleName="im_load" rtlName="shl_ln_fu_124_p3" latency="0" BRAM="-1" DSP="-1" FF="-1" LUT="-1" fileDirectory="C:\projets\esirem\soc\tp4v2\hls"><\/item>
<item  id="20" filename="im_load/im_load_cor.cpp" linenumber="42" name="zext_ln42_1" contextFuncName="im_load" moduleName="im_load" rtlName="zext_ln42_1_fu_132_p1" latency="0" BRAM="-1" DSP="-1" FF="-1" LUT="-1" fileDirectory="C:\projets\esirem\soc\tp4v2\hls"><\/item>
<item  id="21" filename="im_load/im_load_cor.cpp" linenumber="42" name="shl_ln42_1" contextFuncName="im_load" moduleName="im_load" rtlName="shl_ln42_1_fu_136_p3" latency="0" BRAM="-1" DSP="-1" FF="-1" LUT="-1" fileDirectory="C:\projets\esirem\soc\tp4v2\hls"><\/item>
<item  id="25" filename="im_load/im_load_cor.cpp" linenumber="25" name="zext_ln25" contextFuncName="im_load" moduleName="im_load" rtlName="zext_ln25_fu_144_p1" latency="0" BRAM="-1" DSP="-1" FF="-1" LUT="-1" fileDirectory="C:\projets\esirem\soc\tp4v2\hls"><\/item>
<item  id="26" filename="im_load/im_load_cor.cpp" linenumber="25" name="icmp_ln25" contextFuncName="im_load" moduleName="im_load" rtlName="icmp_ln25_fu_148_p2" latency="0" BRAM="-1" DSP="-1" FF="0" LUT="13" fileDirectory="C:\projets\esirem\soc\tp4v2\hls"><\/item>
<item  id="28" filename="im_load/im_load_cor.cpp" linenumber="25" name="j" contextFuncName="im_load" moduleName="im_load" rtlName="j_fu_154_p2" latency="0" BRAM="-1" DSP="-1" FF="0" LUT="14" fileDirectory="C:\projets\esirem\soc\tp4v2\hls"><\/item>
<item  id="31" filename="im_load/im_load_cor.cpp" linenumber="29" name="trunc_ln29" contextFuncName="im_load" moduleName="im_load" rtlName="trunc_ln29_fu_160_p1" latency="0" BRAM="-1" DSP="-1" FF="-1" LUT="-1" fileDirectory="C:\projets\esirem\soc\tp4v2\hls"><\/item>
<item  id="32" filename="im_load/im_load_cor.cpp" linenumber="29" name="or_ln29" contextFuncName="im_load" moduleName="im_load" rtlName="or_ln29_fu_164_p2" latency="0" BRAM="-1" DSP="-1" FF="0" LUT="9" fileDirectory="C:\projets\esirem\soc\tp4v2\hls"><\/item>
<item  id="33" filename="im_load/im_load_cor.cpp" linenumber="29" name="tmp" contextFuncName="im_load" moduleName="im_load" rtlName="tmp_fu_170_p3" latency="0" BRAM="-1" DSP="-1" FF="-1" LUT="-1" fileDirectory="C:\projets\esirem\soc\tp4v2\hls"><\/item>
<item  id="34" filename="im_load/im_load_cor.cpp" linenumber="29" name="or_ln" contextFuncName="im_load" moduleName="im_load" rtlName="or_ln_fu_178_p3" latency="0" BRAM="-1" DSP="-1" FF="-1" LUT="-1" fileDirectory="C:\projets\esirem\soc\tp4v2\hls"><\/item>
<item  id="35" filename="im_load/im_load_cor.cpp" linenumber="29" name="icmp_ln29" contextFuncName="im_load" moduleName="im_load" rtlName="icmp_ln29_fu_186_p2" latency="0" BRAM="-1" DSP="-1" FF="0" LUT="13" fileDirectory="C:\projets\esirem\soc\tp4v2\hls"><\/item>
<item  id="36" filename="im_load/im_load_cor.cpp" linenumber="34" name="icmp_ln34" contextFuncName="im_load" moduleName="im_load" rtlName="icmp_ln34_fu_192_p2" latency="0" BRAM="-1" DSP="-1" FF="0" LUT="13" fileDirectory="C:\projets\esirem\soc\tp4v2\hls"><\/item>
<item  id="37" filename="im_load/im_load_cor.cpp" linenumber="42" name="add_ln42_1" contextFuncName="im_load" moduleName="im_load" rtlName="add_ln42_1_fu_198_p2" latency="0" BRAM="-1" DSP="-1" FF="0" LUT="23" fileDirectory="C:\projets\esirem\soc\tp4v2\hls"><\/item>
<item  id="38" filename="im_load/im_load_cor.cpp" linenumber="42" name="zext_ln42_2" contextFuncName="im_load" moduleName="im_load" rtlName="zext_ln42_2_fu_203_p1" latency="0" BRAM="-1" DSP="-1" FF="-1" LUT="-1" fileDirectory="C:\projets\esirem\soc\tp4v2\hls"><\/item>
<item  id="39" filename="im_load/im_load_cor.cpp" linenumber="42" name="add_ln42" contextFuncName="im_load" moduleName="im_load" rtlName="add_ln42_fu_207_p2" latency="0" BRAM="-1" DSP="-1" FF="0" LUT="26" fileDirectory="C:\projets\esirem\soc\tp4v2\hls"><\/item>
<item  id="40" filename="im_load/im_load_cor.cpp" linenumber="42" name="zext_ln42" contextFuncName="im_load" moduleName="im_load" rtlName="zext_ln42_fu_212_p1" latency="0" BRAM="-1" DSP="-1" FF="-1" LUT="-1" fileDirectory="C:\projets\esirem\soc\tp4v2\hls"><\/item>
<\/annotationInfo>
</annotationInfo>
